{
"apiVersion": "V2",
"assemblies": [
{
  "files": [
    {
      "filePath": "assembly_data_report.jsonl",
      "fileType": "DATA_REPORT",
      "uncompressedLengthBytes": "2917"
    }
  ]
},{
  "accession": "GCF_000013425.1",
  "files": [
    {
      "filePath": "GCF_000013425.1/GCF_000013425.1_ASM1342v1_genomic.fna",
      "fileType": "GENOMIC_NUCLEOTIDE_FASTA",
      "uncompressedLengthBytes": "2856716"
    },
    {
      "filePath": "GCF_000013425.1/genomic.gff",
      "fileType": "GFF3",
      "uncompressedLengthBytes": "1407171"
    },
    {
      "filePath": "GCF_000013425.1/cds_from_genomic.fna",
      "fileType": "CDS_NUCLEOTIDE_FASTA",
      "uncompressedLengthBytes": "2927318"
    },
    {
      "filePath": "GCF_000013425.1/protein.faa",
      "fileType": "PROTEIN_FASTA",
      "uncompressedLengthBytes": "1055292"
    },
    {
      "filePath": "GCF_000013425.1/sequence_report.jsonl",
      "fileType": "SEQUENCE_REPORT",
      "uncompressedLengthBytes": "314"
    }
  ]
}]}
